subreddit,month,liczba_komentarzy,month_ts
Metal,2020-03,7162,2020-03-01
Metal,2020-04,10250,2020-04-01
Metal,2020-05,9655,2020-05-01
Metal,2020-06,9077,2020-06-01
Metal,2020-07,9669,2020-07-01
Metal,2020-08,9500,2020-08-01
Metal,2020-09,8792,2020-09-01
Metal,2020-10,7827,2020-10-01
Metal,2020-11,6676,2020-11-01
Metal,2020-12,8570,2020-12-01
Metal,2021-01,9577,2021-01-01
Metal,2021-02,7039,2021-02-01
Metal,2021-03,2133,2021-03-01
hiphopheads,2020-03,76935,2020-03-01
hiphopheads,2020-04,119780,2020-04-01
hiphopheads,2020-05,145575,2020-05-01
hiphopheads,2020-06,107201,2020-06-01
hiphopheads,2020-07,141007,2020-07-01
hiphopheads,2020-08,112202,2020-08-01
hiphopheads,2020-09,93404,2020-09-01
hiphopheads,2020-10,95303,2020-10-01
hiphopheads,2020-11,95038,2020-11-01
hiphopheads,2020-12,114187,2020-12-01
hiphopheads,2021-01,77897,2021-01-01
hiphopheads,2021-02,59505,2021-02-01
hiphopheads,2021-03,23971,2021-03-01
indieheads,2020-03,18778,2020-03-01
indieheads,2020-04,39617,2020-04-01
indieheads,2020-05,31609,2020-05-01
indieheads,2020-06,31199,2020-06-01
indieheads,2020-07,31906,2020-07-01
indieheads,2020-08,32269,2020-08-01
indieheads,2020-09,28662,2020-09-01
indieheads,2020-10,26850,2020-10-01
indieheads,2020-11,26081,2020-11-01
indieheads,2020-12,30417,2020-12-01
indieheads,2021-01,30933,2021-01-01
indieheads,2021-02,25466,2021-02-01
indieheads,2021-03,9513,2021-03-01
popheads,2020-03,36085,2020-03-01
popheads,2020-04,54444,2020-04-01
popheads,2020-05,68826,2020-05-01
popheads,2020-06,50659,2020-06-01
popheads,2020-07,66415,2020-07-01
popheads,2020-08,67422,2020-08-01
popheads,2020-09,61150,2020-09-01
popheads,2020-10,62947,2020-10-01
popheads,2020-11,74241,2020-11-01
popheads,2020-12,70038,2020-12-01
popheads,2021-01,70071,2021-01-01
popheads,2021-02,60026,2021-02-01
popheads,2021-03,19208,2021-03-01
